{"cameraMode":{"drawMode":0,"name":"Shaded","section":"Shading Mode"},"sceneLighting":false,"audioPlay":false,"sceneViewState":{"showFog":true,"showMaterialUpdate":false,"showSkybox":true,"showFlares":true,"showImageEffects":true,"showParticleSystems":true},"in2DMode":false,"pivot":{"x":-2.0934998989105226,"y":1.4079999923706055,"z":1.2760000228881837},"rotation":{"x":0.23871880769729615,"y":-0.2496977001428604,"z":0.06365596503019333,"w":0.9362757802009583},"size":0.917976975440979,"orthographic":false}