{"cameraMode":{"drawMode":0,"name":"Shaded","section":"Shading Mode"},"sceneLighting":false,"audioPlay":false,"sceneViewState":{"showFog":true,"showMaterialUpdate":false,"showSkybox":true,"showFlares":true,"showImageEffects":true,"showParticleSystems":true},"in2DMode":false,"pivot":{"x":-1.6603471040725709,"y":1.362202763557434,"z":0.8127998113632202},"rotation":{"x":0.36356207728385928,"y":0.0324268564581871,"z":-0.012664477340877056,"w":0.930919349193573},"size":1.7960368394851685,"orthographic":false}