{"cameraMode":{"drawMode":0,"name":"Shaded","section":"Shading Mode"},"sceneLighting":false,"audioPlay":false,"sceneViewState":{"showFog":true,"showMaterialUpdate":false,"showSkybox":true,"showFlares":true,"showImageEffects":true,"showParticleSystems":true},"in2DMode":false,"pivot":{"x":-2.2100000381469728,"y":1.4279999732971192,"z":1.4579999446868897},"rotation":{"x":0.23871880769729615,"y":-0.2496977001428604,"z":0.06365596503019333,"w":0.9362757802009583},"size":0.5436431169509888,"orthographic":false}