{"cameraMode":{"drawMode":0,"name":"Shaded","section":"Shading Mode"},"sceneLighting":false,"audioPlay":false,"sceneViewState":{"showFog":true,"showMaterialUpdate":false,"showSkybox":true,"showFlares":true,"showImageEffects":true,"showParticleSystems":true},"in2DMode":false,"pivot":{"x":-2.195476770401001,"y":1.3752014636993409,"z":1.595999836921692},"rotation":{"x":0.23871880769729615,"y":-0.2496977001428604,"z":0.06365596503019333,"w":0.9362757802009583},"size":1.7423704862594605,"orthographic":false}