{"cameraMode":{"drawMode":0,"name":"Shaded","section":"Shading Mode"},"sceneLighting":false,"audioPlay":false,"sceneViewState":{"showFog":true,"showMaterialUpdate":false,"showSkybox":true,"showFlares":true,"showImageEffects":true,"showParticleSystems":true},"in2DMode":false,"pivot":{"x":-2.034212827682495,"y":1.5045783519744874,"z":0.19999980926513673},"rotation":{"x":0.37789785861968996,"y":-0.38755080103874209,"z":0.1782321184873581,"w":0.8217243552207947},"size":0.8659393787384033,"orthographic":false}