{"cameraMode":{"drawMode":0,"name":"Shaded","section":"Shading Mode"},"sceneLighting":false,"audioPlay":false,"sceneViewState":{"showFog":true,"showMaterialUpdate":false,"showSkybox":true,"showFlares":true,"showImageEffects":true,"showParticleSystems":true},"in2DMode":false,"pivot":{"x":-1.4759999513626099,"y":1.4809999465942383,"z":-0.6890000104904175},"rotation":{"x":0.37789785861968996,"y":-0.38755080103874209,"z":0.1782321184873581,"w":0.8217243552207947},"size":0.865939199924469,"orthographic":false}