{"cameraMode":{"drawMode":0,"name":"Shaded","section":"Shading Mode"},"sceneLighting":false,"audioPlay":false,"sceneViewState":{"showFog":true,"showMaterialUpdate":false,"showSkybox":true,"showFlares":true,"showImageEffects":true,"showParticleSystems":true},"in2DMode":false,"pivot":{"x":-21.577362060546876,"y":-11.237391471862793,"z":-15.677742004394532},"rotation":{"x":-0.10863017290830612,"y":0.3083565831184387,"z":-0.03547201305627823,"w":-0.9443820714950562},"size":78.19293975830078,"orthographic":false}