{"cameraMode":{"drawMode":0,"name":"Shaded","section":"Shading Mode"},"sceneLighting":false,"audioPlay":false,"sceneViewState":{"showFog":true,"showMaterialUpdate":false,"showSkybox":true,"showFlares":true,"showImageEffects":true,"showParticleSystems":true},"in2DMode":false,"pivot":{"x":0.0008271932601928711,"y":0.26318347454071047,"z":0.014766454696655274},"rotation":{"x":-0.24548132717609406,"y":-0.011833044700324536,"z":0.0029946991708129646,"w":-0.9693244695663452},"size":2.3000481128692629,"orthographic":false}